Workbook

Sheet CANDIDATO_4
A1: Programa de Pós-graduação em Planejamento Territorial – Mestrado Profissional
A2: Seleção 2025
A4: Critérios de Avaliação do Projeto de TCC
A6: Código de identificação do Projeto: | D6: 4
A8: ASPECTOS | C8: CRITÉRIOS | D8: VALOR | E8: PONTUAÇÃO | F8: TOTAL
A9: 1-Introdução / Contextualização | C9: Clareza e objetividade na apresentação da proposta de trabalho a ser desenvolvida no TCC | D9: 1 | F9: =E9 -> 0
A10: 2-Problema ou questão de pesquisa | C10: Clareza, objetividade, concisão e especificidade | D10: 1.5 | F10: =E10 -> 0
A11: 3-Justificativa | C11: Relevância do projeto e viabiliadde de execução | D11: 1 | F11: =E11 -> 0
A12: 4-Objetivos (geral e específicos) | C12: Coerência com o problema / questão de pesquisa, clareza e concisão | D12: 2 | F12: =E12 -> 0
A13: 5-Revisão da literatura | C13: Validação da proposta do projeto com base na literatura de referência | D13: 1 | F13: =E13 -> 0
A14: 6-Procedimentos metodológicos | C14: Técnicas, os procedimentos, os equipamentos e materiais necessários ao projeto | D14: 2.5 | F14: =E14 -> 0
A15: 7-Cronograma (Elaborado para dois anos, contados a partir de abril de 2025) | C15: Exposição das etapas de trabalho em consonância com os objetivos e a metodologia | D15: 0.5 | F15: =E15 -> 0
A16: 8-Referências (apenas as citadas no anteprojeto, segundo as normas da ABNT) | C16: Adequação com as normas vigentes da ABNT | D16: 0.5 | F16: =E16 -> 0
C17: TOTAL | D17: =SUM(D9:D16) -> 10 | E17: =SUM(E9:E16) -> 0 | F17: =SUM(F9:F16) -> 0
A19: Seria possível orientador (a) do anteprojeto, em caso de aprovação?
C21: Sim | D21: x | E21: Não
A23: O(a) candidato(a) tem potencial e deve passar para a fase da entrevista?
C25: Sim | D25: x | E25: Não
A28: Justifique sua resposta apontando pontos fracos e fortes do projeto.
A31: Caso opte pela aprovação, indique aspectos que devem ser questionados na entrevista.
A39: SALVAR E ENVIAR EM FORMATO PDF DEPOIS DE PREENCHER

Sheet CANDIDATO_5
A1: Programa de Pós-graduação em Planejamento Territorial – Mestrado Profissional
A2: Seleção 2025
A4: Critérios de Avaliação do Projeto de TCC
A6: Código de identificação do Projeto: | D6: 5
A8: ASPECTOS | C8: CRITÉRIOS | D8: VALOR | E8: PONTUAÇÃO | F8: TOTAL
A9: 1-Introdução / Contextualização | C9: Clareza e objetividade na apresentação da proposta de trabalho a ser desenvolvida no TCC | D9: 1 | F9: =E9 -> 0
A10: 2-Problema ou questão de pesquisa | C10: Clareza, objetividade, concisão e especificidade | D10: 1.5 | F10: =E10 -> 0
A11: 3-Justificativa | C11: Relevância do projeto e viabiliadde de execução | D11: 1 | F11: =E11 -> 0
A12: 4-Objetivos (geral e específicos) | C12: Coerência com o problema / questão de pesquisa, clareza e concisão | D12: 2 | F12: =E12 -> 0
A13: 5-Revisão da literatura | C13: Validação da proposta do projeto com base na literatura de referência | D13: 1 | F13: =E13 -> 0
A14: 6-Procedimentos metodológicos | C14: Técnicas, os procedimentos, os equipamentos e materiais necessários ao projeto | D14: 2.5 | F14: =E14 -> 0
A15: 7-Cronograma (Elaborado para dois anos, contados a partir de abril de 2025) | C15: Exposição das etapas de trabalho em consonância com os objetivos e a metodologia | D15: 0.5 | F15: =E15 -> 0
A16: 8-Referências (apenas as citadas no anteprojeto, segundo as normas da ABNT) | C16: Adequação com as normas vigentes da ABNT | D16: 0.5 | F16: =E16 -> 0
C17: TOTAL | D17: =SUM(D9:D16) -> 10 | E17: =SUM(E9:E16) -> 0 | F17: =SUM(F9:F16) -> 0
A19: Seria possível orientador (a) do anteprojeto, em caso de aprovação?
C21: Sim | D21: x | E21: Não
A23: O(a) candidato(a) tem potencial e deve passar para a fase da entrevista?
C25: Sim | D25: x | E25: Não
A28: Justifique sua resposta apontando pontos fracos e fortes do projeto.
A31: Caso opte pela aprovação, indique aspectos que devem ser questionados na entrevista.
A39: SALVAR E ENVIAR EM FORMATO PDF DEPOIS DE PREENCHER

Sheet Notas dos candidatos
A1: Candidato | B1: 1-Introdução | C1: 2-Problema | D1: 3-Justificativa | E1: 4-Objetivos | F1: 5-Revisão da literatura | G1: 6-Procedimentos | H1: 7-Cronograma | I1: 8-Referências | J1: TOTAL
A2: Candidato 4 | B2: =CANDIDATO_4!D9 -> 1 | C2: =CANDIDATO_4!E10 -> 0 | D2: =CANDIDATO_4!F11 -> 0 | E2: =CANDIDATO_4!F12 -> 0 | F2: =CANDIDATO_4!F13 -> 0 | G2: =CANDIDATO_4!F14 -> 0 | H2: =CANDIDATO_4!F15 -> 0 | I2: =CANDIDATO_4!F16 -> 0 | J2: =SUM(B2:I2) -> 1
A3: Candidato 5 | B3: =CANDIDATO_5!D9 -> 1 | C3: =CANDIDATO_5!E10 -> 0 | D3: =CANDIDATO_5!F11 -> 0 | E3: =CANDIDATO_5!F12 -> 0 | F3: =CANDIDATO_5!F13 -> 0 | G3: =CANDIDATO_5!F14 -> 0 | H3: =CANDIDATO_5!F15 -> 0 | I3: =CANDIDATO_5!F16 -> 0 | J3: =SUM(B3:I3) -> 1
A4: Candidato 17 | B4: =CANDIDATO_17!$F$9 -> 0 | C4: =CANDIDATO_17!$F$10 -> 0 | D4: =CANDIDATO_17!$F$11 -> 0 | E4: =CANDIDATO_17!$F$12 -> 0 | F4: =CANDIDATO_17!$F$13 -> 0 | G4: =CANDIDATO_17!$F$14 -> 0 | H4: =CANDIDATO_17!$F$15 -> 0 | I4: =CANDIDATO_17!$F$16 -> 0 | J4: =SUM(B4:I4) -> 0
A5: Candidato 18 | B5: =CANDIDATO_18!$F$9 -> 0 | C5: =CANDIDATO_18!$F$10 -> 0 | D5: =CANDIDATO_18!$F$11 -> 0 | E5: =CANDIDATO_18!$F$12 -> 0 | F5: =CANDIDATO_18!$F$13 -> 0 | G5: =CANDIDATO_18!$F$14 -> 0 | H5: =CANDIDATO_18!$F$15 -> 0 | I5: =CANDIDATO_18!$F$16 -> 0 | J5: =SUM(B5:I5) -> 0

Sheet CANDIDATO_17
A1: Programa de Pós-graduação em Planejamento Territorial – Mestrado Profissional
A2: Seleção 2025
A4: Critérios de Avaliação do Projeto de TCC
A6: Código de identificação do Projeto: | D6: 17
A8: ASPECTOS | C8: CRITÉRIOS | D8: VALOR | E8: PONTUAÇÃO | F8: TOTAL
A9: 1-Introdução / Contextualização | C9: Clareza e objetividade na apresentação da proposta de trabalho a ser desenvolvida no TCC | D9: 1 | F9: =E9 -> 0
A10: 2-Problema ou questão de pesquisa | C10: Clareza, objetividade, concisão e especificidade | D10: 1.5 | F10: =E10 -> 0
A11: 3-Justificativa | C11: Relevância do projeto e viabiliadde de execução | D11: 1 | F11: =E11 -> 0
A12: 4-Objetivos (geral e específicos) | C12: Coerência com o problema / questão de pesquisa, clareza e concisão | D12: 2 | F12: =E12 -> 0
A13: 5-Revisão da literatura | C13: Validação da proposta do projeto com base na literatura de referência | D13: 1 | F13: =E13 -> 0
A14: 6-Procedimentos metodológicos | C14: Técnicas, os procedimentos, os equipamentos e materiais necessários ao projeto | D14: 2.5 | F14: =E14 -> 0
A15: 7-Cronograma (Elaborado para dois anos, contados a partir de abril de 2025) | C15: Exposição das etapas de trabalho em consonância com os objetivos e a metodologia | D15: 0.5 | F15: =E15 -> 0
A16: 8-Referências (apenas as citadas no anteprojeto, segundo as normas da ABNT) | C16: Adequação com as normas vigentes da ABNT | D16: 0.5 | F16: =E16 -> 0
C17: TOTAL | D17: =SUM(D9:D16) -> 10 | E17: =SUM(E9:E16) -> 0 | F17: =SUM(F9:F16) -> 0
A19: Seria possível orientador (a) do anteprojeto, em caso de aprovação?
C21: Sim | D21: x | E21: Não
A23: O(a) candidato(a) tem potencial e deve passar para a fase da entrevista?
B25: x | C25: Sim | E25: Não
A28: Justifique sua resposta apontando pontos fracos e fortes do projeto.
A31: Caso opte pela aprovação, indique aspectos que devem ser questionados na entrevista.
A37: SALVAR E ENVIAR EM FORMATO PDF DEPOIS DE PREENCHER

Sheet CANDIDATO_18
A1: Programa de Pós-graduação em Planejamento Territorial – Mestrado Profissional
A2: Seleção 2025
A4: Critérios de Avaliação do Projeto de TCC
A6: Código de identificação do Projeto: | D6: 18
A8: ASPECTOS | C8: CRITÉRIOS | D8: VALOR | E8: PONTUAÇÃO | F8: TOTAL
A9: 1-Introdução / Contextualização | C9: Clareza e objetividade na apresentação da proposta de trabalho a ser desenvolvida no TCC | D9: 1 | F9: =E9 -> 0
A10: 2-Problema ou questão de pesquisa | C10: Clareza, objetividade, concisão e especificidade | D10: 1.5 | F10: =E10 -> 0
A11: 3-Justificativa | C11: Relevância do projeto e viabiliadde de execução | D11: 1 | F11: =E11 -> 0
A12: 4-Objetivos (geral e específicos) | C12: Coerência com o problema / questão de pesquisa, clareza e concisão | D12: 2 | F12: =E12 -> 0
A13: 5-Revisão da literatura | C13: Validação da proposta do projeto com base na literatura de referência | D13: 1 | F13: =E13 -> 0
A14: 6-Procedimentos metodológicos | C14: Técnicas, os procedimentos, os equipamentos e materiais necessários ao projeto | D14: 2.5 | F14: =E14 -> 0
A15: 7-Cronograma (Elaborado para dois anos, contados a partir de abril de 2025) | C15: Exposição das etapas de trabalho em consonância com os objetivos e a metodologia | D15: 0.5 | F15: =E15 -> 0
A16: 8-Referências (apenas as citadas no anteprojeto, segundo as normas da ABNT) | C16: Adequação com as normas vigentes da ABNT | D16: 0.5 | F16: =E16 -> 0
C17: TOTAL | D17: =SUM(D9:D16) -> 10 | E17: =SUM(E9:E16) -> 0 | F17: =SUM(F9:F16) -> 0
A19: Seria possível orientador (a) do anteprojeto, em caso de aprovação?
C21: Sim | D21: x | E21: Não
A23: O(a) candidato(a) tem potencial e deve passar para a fase da entrevista?
B25: x | C25: Sim | E25: Não
A28: Justifique sua resposta apontando pontos fracos e fortes do projeto.
A31: Caso opte pela aprovação, indique aspectos que devem ser questionados na entrevista.
A36: SALVAR E ENVIAR EM FORMATO PDF DEPOIS DE PREENCHER
